USE cs332b21;

INSERT INTO Professor
	(Ssn, Salary, Sex, Title, Name, Area_code, P_number, Zip, City, State, Street)
VALUES
	(123456789, 100000, 'F', 'Instructor', 'Ellie Wild', 714, 9879876, 92840, 'Garden Grove', 'CA', '11033 Dash Ln.'),
	(234567891, 90000, 'M', 'Associate Instructor', 'Genji Shimada', 913, 9274984, 92871, 'Somewhere', 'CA', '10840 Dragons St.'),
	(345678912, 80000, 'F', 'Assistant Instructor', 'Clairy Lara', 937, 9183204, 92819, 'Overhere', 'CA', '19389 Pretty Ave.'),
	(456789123, 120000, 'F', 'Instructor', 'Angela Ziegler', 813, 9487299, 91870, 'Everywhere', 'CA', '92749 Angels Dr.'),
	(567891234, 110000, 'M', 'Instructor', 'Winston Ape', 918, 9482003, 91873, 'Space', 'CA', '92874 Bananas Ln.');

INSERT INTO Course
	(Course_num, Dep_no, Title, Units, Textbook)
VALUES
	(12345, 99999, 'CPSC332', 3, 'Database book'),
	(23456, 88888, 'CPSC335', 3, 'Algorithms book'),
	(34567, 77777, 'CPSC315', 3, 'Tech Writing book'),
	(45678, 66666, 'CPSC351', 3, 'OS book'),
	(56789, 55555, 'CPSC240', 3, 'Assembly book'),
	(67891, 99999, 'ENGL100', 3, 'English book'),
	(78912, 88888, 'NINJ101', 3, 'HowToHide: For dummies');

INSERT INTO Section
	(Section_num, Course_no, Prof_ssn, Classroom, Meet_days, Start_time, End_time, Num_seats)
VALUES
	(11111, 12345, 123456789, 'CS101', 'M-W', '10:30:00', '12:00:00', 30),
	(11112, 12345, 234567891, 'CS201', 'T-TH', '07:00:00', '08:50:00', 30),
	(11113, 12345, 345678912, 'EC111', 'M-W', '02:30:00', '03:45:00', 30),
	(11114, 12345, 456789123, 'CS101', 'T-TH', '10:00:00', '11:50:00', 30),
	(11115, 12345, 567891234, 'EE300', 'F', '10:00:00', '01:00:00', 30),
	(22221, 23456, 123456789, 'CS500', 'M-W', '12:30:00', '02:00:00', 34),
	(22222, 23456, 234567891, 'CS202', 'M-W', '09:30:00', '11:30:00', 33),
	(22223, 23456, 345678912, 'EC201', 'T-TH', '10:15:00', '12:00:00', 33),
	(22224, 23456, 456789123, 'CS453', 'M-W', '08:30:00', '10:00:00', 33),
	(22225, 23456, 567891234, 'EE322', 'F', '10:30:00', '01:00:00', 50),
	(33331, 34567, 123456789, 'CS333', 'M-W', '11:15:00', '01:30:00', 30),
	(33332, 34567, 234567891, 'EE221', 'T-TH', '05:30:00', '07:00:00',30),
	(33333, 34567, 345678912, 'EC104', 'T-TH', '03:30:00', '5:00:00', 38),
	(33334, 34567, 456789123, 'CS421', 'M-W','07:30:00','09:00:00',38),
	(33335, 34567, 567891234, 'EC203', 'F' ,'10:30:00','01:30:00',40),
	(44441, 45678, 123456789, 'CS200', 'M-W','08:15:00','10:00:00',34),
	(44442, 45678, 234567891, 'CS201', 'M-W','10:30:00','12:00:00',34),
	(44443, 45678, 345678912, 'EC100', 'T-TH','09:30:00','11:00:00',30),
	(44444, 45678, 456789123, 'CS103', 'T-TH', '12:45:00', '3:00:00', 35),
	(44445, 45678, 567891234, 'CS501', 'F','02:30:00', '05:30:00',34),
	(55551, 56789, 123456789, 'CS321', 'M-W','09:15:00','11:30:00',35),
	(55552, 56789, 234567891, 'EC231', 'M-W','03:00:00','05:00:00',40),
	(55553, 56789, 345678912, 'CS304', 'T-TH','12:00:00','02:30:00',40),
	(55554, 56789, 456789123, 'EC666', 'T-TH','06:06:06','12:00:00',66),
	(55555, 56789, 567891234, 'CS205', 'F', '05:00:00', '8:00:00', 28),
	(66661, 67891, 123456789, 'EC431', 'M-W','10:30:00','12:00:00',30),
	(66662, 67891, 234567891, 'EC221', 'M-W','08:00:00','09:50:00',40),
	(66663, 67891, 345678912, 'CS332', 'T-TH','09:45:00','11:00:00',34),
	(66664, 67891, 456789123, 'EC335', 'T-TH','02:00:00','04:00:00',35),
	(66666, 67891, 345678912, 'EC102', 'F','02:30:00','05:00:00',45),
	(77777, 78912, 234567891, 'PE100', 'M-W','01:00:00', '10:00:00',100);


INSERT INTO Student
	(Cwid, DepNum, PhoneNum, F_name, L_name, Address)
VALUES
	(111222333, 99999, 7147483627, 'Jack', 'Morrison','13432 Lala St.'),
	(222333444, 88888, 7189389483, 'Gabriel', 'Reyes','13434 Emo Ln.'),
	(333444555, 77777, 9283948732, 'Ana', 'Banana','19380 Old Ave.'),
	(444555666, 66666, 9373085473,'Reinhardt', 'Wilhelm', '29304 Crusaders St.'),
	(555666777, 55555, 9472947922, 'Torbjorn', 'Clawhand', '39981 Builders St.'),
	(666777888, 99999, 8392794822, 'Kurisu', 'Okabe', '39294 Time Ave.');

INSERT INTO Department
	(Dep_num, Prof_Ssn, Chairperson, Phone_num, Name, Location)
VALUES
	(99999, 123456789, 'Ellie Wild', 8274928174, 'Computer Science', 'Overthere'),
	(88888, 234567891, 'Genji Shimada', 9284095920, 'Ninjutsu', 'Hidden'),
	(77777, 345678912, 'Clairy Lara', 9284393827, 'Sorcery', 'Top of the hill'),
	(66666, 456789123, 'Angela Ziegler', 9382738451, 'Biology', 'In your pocket'),
	(55555, 567891234, 'Winston Ape', 1827364578, 'Engineering', 'Space');

INSERT INTO Enrolls 
	(Student_cwid, Sec_num, C_num, Grade)
VALUES
	(111222333, 11111, 12345, 'A'),
	(111222333, 22222, 23456, 'B+'),
	(111222333, 33333, 34567, 'C+'),
	(111222333, 44444, 45678, 'B'),
	(111222333, 55555, 56789, 'A'),
	(111222333, 66666, 67891, 'D+'),
	(111222333, 77777, 78912, 'B-'),
	(222333444, 22222, 23456, 'A'),
	(222333444, 11111, 12345, 'A'),
	(222333444, 33333, 34567, 'A'),
	(222333444, 44444, 45678, 'A'),
	(222333444, 55555, 56789, 'A'),
	(222333444, 66666, 67891, 'A'),
	(222333444, 77777, 78912, 'A+'),
	(333444555, 11111, 12345, 'B-'),
	(333444555, 22222, 23456, 'C-'),
	(333444555, 33333, 34567, 'C'),
	(333444555, 44444, 45678, 'B'),
	(333444555, 55555, 56789, 'D'),
	(333444555, 66666, 67891, 'C'),
	(333444555, 77777, 78912, 'C+'),
	(444555666, 11111, 12345, 'A-'),
	(444555666, 22222, 23456, 'B+'),
	(444555666, 33333, 34567, 'B'),
	(444555666, 44444, 45678, 'D'),
	(444555666, 55555, 56789, 'C'),
	(444555666, 66666, 67891, 'B-'),
	(444555666, 77777, 78912, 'A-'),
	(555666777, 11111, 12345, 'C+'),
	(555666777, 22222, 23456, 'C'),
	(555666777, 33333, 34567, 'D+'),
	(555666777, 44444, 45678, 'D-'),
	(555666777, 55555, 56789, 'F'),
	(555666777, 66666, 67891, 'A'),
	(555666777, 77777, 78912, 'A+'),
	(666777888, 11111, 12345, 'A'),
	(666777888, 22222, 23456, 'A+'),
	(666777888, 33333, 34567, 'A-'),
	(666777888, 44444, 45678, 'A+'),
	(666777888, 55555, 56789, 'A'),
	(666777888, 66666, 67891, 'A-'),
	(666777888, 77777, 78912, 'B+');
